,0
0,qz3nn1
1,qyzcht
2,qyyc9o
3,qyx0s8
4,qywwdh
5,qywl2t
6,qywhzb
7,qyw3ue
8,qytvs3
9,qytu4s
10,qytrzs
11,qyt4ki
12,qysrg8
13,qysmor
14,qysmcl
15,qyr5b0
16,qyql5c
17,qyoa8e
18,qyn883
19,qymrcm
20,qymhrt
21,qyliu3
22,qyjoz7
23,qyfw9h
24,qyfswr
25,qyewrm
26,qyer8k
27,qye9jw
28,qyc1p6
29,qybr89
30,qyagrw
31,qy9g45
32,qy96mt
33,qy8r16
34,qy25ek
35,qy1ube
36,qy16ds
37,qy0v0f
38,qy0kme
39,qy0dm3
40,qxzu7p
41,qxyt24
42,qxy73i
43,qxvtc7
44,qxvlfx
45,qxvi7t
46,qxuxuu
47,qxur8a
48,qxu3e2
49,qxu2r1
50,qxsseu
51,qxsl5z
52,qxqi72
53,qxqelb
54,qxoj7f
55,qxnos2
56,qxn53x
57,qxmysg
58,qxmb46
59,qxm9hn
60,qxj725
61,qxiphw
62,qxioiv
63,qximdm
64,qxhxl1
65,qxhtvh
66,qxf8p8
67,qxdijd
68,qxcpda
69,qxbuoj
70,qxatme
71,qx6lmf
72,qx6l3j
73,qx5urq
74,qx5sou
75,qx5cum
76,qx4dc7
77,qx3p8q
78,qx33p2
79,qx1joo
80,qwyghu
81,qwy1gd
82,qwsxsz
83,qwraka
84,qwlp4z
85,qwhmiu
86,qwgb4a
87,qwg5pu
88,qwg1ug
89,qwfbng
90,qwdn9a
91,qwchyk
92,qwbywg
93,qw6h7s
94,qw5uhp
95,qw58ko
96,qw3a1h
97,qw2unb
98,qw2bfs
99,qw2284
100,qw1wa1
101,qvvrc3
102,qvu1v4
103,qvsucm
104,qvsnta
105,qvsi4b
106,qvonny
107,qvol5d
108,qvnz2g
109,qvnov9
110,qvn7x9
111,qvl7vf
112,qvl3ha
113,qvkfzl
114,qvk9si
115,qvj7cp
116,qvi799
117,qvh9po
118,qvge0f
119,qvfl1f
120,qveluy
121,qvej4g
122,qvebzg
123,qvdsom
124,qvdbbk
125,qv9uah
126,qv99op
127,qv7be8
128,qv6h44
129,qv3r86
130,qv1vss
131,qv0djr
132,quzlx0
133,quzeuc
134,quvuao
135,quvu0o
136,quvg43
137,quv3rc
138,qutuh9
139,quto2x
140,qus0dz
141,quprcb
142,quoxkj
143,qunyhy
144,qun02l
145,qumxqo
146,qulw60
147,qukec7
148,quhl7e
149,qugz0k
150,qugp41
151,quf27l
152,que25q
153,quakhe
154,qu9vz3
155,qu9b9e
156,qu8e53
157,qu73jg
158,qu6xwo
159,qu6v4n
160,qu6rhu
161,qu6o2v
162,qu6j49
163,qu6dxo
164,qu48ov
165,qu43n7
166,qu3lef
167,qu1bki
168,qtzd98
169,qtygqq
170,qty8go
171,qtwyx1
172,qtvpan
173,qtv0wp
174,qtuc0h
175,qttlzs
176,qtsjpg
177,qtsb09
178,qts5jx
179,qtq0hf
180,qtpt1d
181,qtm5jv
182,qtl7n3
183,qtl128
184,qtisml
185,qtfs2k
186,qtfrpu
187,qtfjnw
188,qteb7b
189,qtdk4a
190,qtcnm5
191,qtccuy
192,qtb521
193,qtatte
194,qtamde
195,qtag4k
196,qt9ry2
197,qt83rw
198,qt81xp
199,qt73bj
200,qt6vbu
201,qt6a1z
202,qt67ba
203,qt4keq
204,qt39y3
205,qt22hn
206,qt1fo7
207,qsztq0
208,qsz8tv
209,qsyox4
210,qsymmx
211,qswqsj
212,qswhv4
213,qsv9a4
214,qsqq0p
215,qsqkz2
216,qsqhvc
217,qso5i7
218,qsmthh
219,qsmkhi
220,qsm7zm
221,qsm4d0
222,qsjqf2
223,qsjiol
224,qsj8qi
225,qsgh8h
226,qse74y
227,qsd89p
228,qsbpia
229,qsaoty
230,qs9jja
231,qs9402
232,qs90w7
233,qs6vbf
234,qs6v2b
235,qs5yi3
236,qs4hzd
237,qs457v
238,qs43ec
239,qs3r0a
240,qs2oe6
241,qs1xow
242,qs1t3f
243,qrzobv
244,qrz9tl
245,qrz8kr
246,qryaww
247,qry0p5
248,qrxaup
249,qrwd6y
250,qrw6ez
251,qrtszq
252,qrtqmp
253,qrtp5v
254,qrtjcy
255,qrs8hc
256,qrqxe9
257,qrqt8f
258,qrn87s
259,qrlszk
260,qrknit
261,qrk9xo
262,qrjh93
263,qrhtnv
264,qrh196
265,qrh0da
266,qrflrf
267,qrffry
268,qrf1xk
269,qrcma4
270,qrbxkv
271,qrbpok
272,qrb419
273,qraie5
274,qr9y5c
275,qr996k
276,qr8te0
277,qr8ew6
278,qr8e4k
279,qr78fm
280,qr5cpn
281,qr4tem
282,qr0ef7
283,qqzxbc
284,qqzv6u
285,qqzi25
286,qqzfej
287,qqz6p0
288,qqyi5m
289,qqyfro
290,qqy5ba
291,qqy28g
292,qqy0n2
293,qqxxsr
294,qqxw8i
295,qqwm82
296,qqsmqf
297,qqsdw6
298,qqpiz1
299,qqp7qn
300,qqouuy
301,qqosdc
302,qqoqy9
303,qqmsdm
304,qqlj1t
305,qqjwrm
306,qqi9rt
307,qqhqpp
308,qqhlga
309,qqhb5p
310,qqh94x
311,qqh7z7
312,qqgmzx
313,qqgb7z
314,qqfigd
315,qqfbtl
316,qqe0c2
317,qqdspj
318,qqaxdp
319,qqa3i1
320,qq9r5w
321,qq869u
322,qq81n3
323,qq802n
324,qq6vn5
325,qq51gl
326,qq1rp3
327,qpxl1e
328,qpwiqc
329,qpvb4y
330,qpv37u
331,qpuljy
332,qpts3v
333,qpt0ri
334,qpsgs0
335,qprt8h
336,qprhy4
337,qpq9br
338,qpp54l
339,qpoj2v
340,qpnxrm
341,qpnmri
342,qplyqp
343,qplh40
344,qpklzz
345,qph4xy
346,qpguz5
347,qpgk1w
348,qpeukx
349,qpe8pz
350,qpe0gp
351,qpd9e3
352,qpbb9y
353,qpavd1
354,qpaemr
355,qpa0lp
356,qp9v47
357,qp8ddr
358,qp7os6
359,qp7cq7
360,qp73r2
361,qp5nz9
362,qp4an1
363,qp3afz
364,qp2dow
365,qoznl5
366,qoz6m4
367,qoz64r
368,qoz5uc
369,qoyi8v
370,qowvsm
371,qovkai
372,qotd0c
373,qotb2g
374,qosgm2
375,qor83r
376,qor3ud
377,qoqx3w
378,qoq7jv
379,qopl0d
380,qonlu6
381,qon2ve
382,qojxk8
383,qojsl2
384,qojs4h
385,qojngx
386,qojl73
387,qojjjv
388,qojjer
389,qojhyy
390,qojevj
391,qohjjk
392,qogu5m
393,qofswq
394,qoe0qg
395,qodk3v
396,qod1al
397,qobpnw
398,qobnrc
399,qob4fk
400,qo9dih
401,qo8rkw
402,qo7pjm
403,qo7f62
404,qo7amj
405,qo6u1d
406,qo6j5u
407,qo6dua
408,qo6ciw
409,qo5p61
410,qo53wd
411,qo4n0c
412,qo4jdd
413,qo4j5u
414,qo49i5
415,qo3u1o
416,qo3q1b
417,qo2kh0
418,qo2h4b
419,qo2bfe
420,qo29o1
421,qo0fxk
422,qnz7wy
423,qnyynn
424,qnytfj
425,qnyin3
426,qny2ap
427,qnwe9q
428,qnv20v
429,qnty5q
430,qnscum
431,qnq0c6
432,qnoik1
433,qno7xm
434,qnmw7e
435,qnlyri
436,qnlwdu
437,qnkuwv
438,qnht0l
439,qnhmuc
440,qng922
441,qng0eo
442,qnfrod
443,qne7c7
444,qnaubd
445,qnasxs
446,qnas47
447,qna67c
448,qn3p1m
449,qn39ko
450,qn2sy4
451,qmzzax
452,qmzfzv
453,qmyjya
454,qmx41d
455,qmvs2m
456,qmu3ms
457,qmtyoq
458,qmstyl
459,qmsgua
460,qmsf4b
461,qmsdtv
462,qmrl15
463,qmrjbh
464,qmr0af
465,qmptt0
466,qmot2r
467,qmo0zc
468,qmn977
469,qmn8ds
470,qmm0uc
471,qmkxos
472,qmh3sb
473,qmg8xu
474,qmg84p
475,qme080
476,qmddu5
477,qmdah7
478,qmd84l
479,qm9e8n
480,qm96p6
481,qm942b
482,qm92gk
483,qm90mt
484,qm8var
485,qm6r07
486,qm6mj7
487,qm6alo
488,qm68b5
489,qm67oh
490,qm44rf
491,qm2oa8
492,qm2luv
493,qm2hne
494,qm2h18
495,qm1bq2
496,qm07an
497,qlzyzk
498,qlx4vx
499,qlx3xo
500,qlwvjz
501,qlwb1t
502,qlvze2
503,qltl9h
504,qltkxn
505,qltf4k
506,qlqfh5
507,qlpv2g
508,qlp8kd
509,qlp5lx
510,qlp240
511,qlojcc
512,qlnewx
513,qlmuuk
514,qlk8l0
515,qljhr0
516,qli8rf
517,qlg432
518,qlg2sg
519,qlfzru
520,qlfew0
521,qlf6c4
522,qleul9
523,qle8jb
524,qlbghi
525,qlai2b
526,qlacp4
527,ql853r
528,ql7uib
529,ql7elw
530,ql67r2
531,ql66up
532,ql4xtu
533,ql4m5o
534,ql4dxw
535,ql49ey
536,ql4747
537,ql0iuw
538,ql08xe
539,ql08wc
540,ql08v0
541,ql08uf
542,ql08te
543,ql08sv
544,qky11g
545,qkwp6q
546,qkwebt
547,qkvn7q
548,qkulx9
549,qku1z4
550,qktuyu
551,qktd41
552,qks6bo
553,qkpmef
554,qkpa20
555,qko2ei
556,qkjsuy
557,qkisu6
558,qkgtwh
559,qkgg7d
560,qkg6f7
561,qkfqnm
562,qkfnqx
563,qkfbqc
564,qkel9x
565,qkdpl0
566,qkdmzk
567,qkcz5u
568,qkcn8j
569,qkc6rl
570,qkbofo
571,qkb7lo
572,qkaqvj
573,qk8hs1
574,qk8dqx
575,qk7koq
576,qk7hs4
577,qk3ej8
578,qk06nx
579,qjzyhq
580,qjzwuy
581,qjzvul
582,qjyni6
583,qjy9wq
584,qjy7kl
585,qjw860
586,qjv3ir
587,qjuidy
588,qjtf7p
589,qjqzyc
590,qjquem
591,qjq9cd
592,qjl5oy
593,qjl3xu
594,qjk6tb
595,qjk1f3
596,qjiuzg
597,qjiqy9
598,qjgmdz
599,qjg872
600,qjfkzp
601,qjet15
602,qjejrh
603,qjeiuf
604,qje3g7
605,qjceyi
606,qjadb7
607,qj87lg
608,qj7y1a
609,qj7ljh
610,qj6rtp
611,qj3le7
612,qj2g0n
613,qj14xg
614,qj12ng
615,qj0jpn
616,qizzh0
617,qizsxf
618,qizsom
619,qize5s
620,qizayr
621,qiz4rc
622,qiz05y
623,qiyvfs
624,qiwf8z
625,qiwd63
626,qivwqb
627,qivgx8
628,qiu5uj
629,qisgcf
630,qisfzj
631,qipx6e
632,qipdku
633,qip8yk
634,qiovhv
635,qimgxh
636,qilrgq
637,qil3on
638,qil1ua
639,qikzch
640,qikxuq
641,qikwx3
642,qikwvl
643,qik40t
644,qiin82
645,qiijtl
646,qiiae1
647,qihx75
648,qih37j
649,qigssz
650,qieq1v
651,qiekwa
652,qicbeo
653,qia1qm
654,qi9l7u
655,qi7o32
656,qi763m
657,qi63sj
658,qi5p2r
659,qi5j1o
660,qi5bps
661,qi4vdn
662,qi1mzp
663,qi0icv
664,qhyn6i
665,qhwx0a
666,qhw676
667,qhtzvb
668,qhsafg
669,qhraci
670,qhr3ub
671,qhpuwl
672,qhpssp
673,qhpqyh
674,qhppxx
675,qhpp20
676,qhp947
677,qho55p
678,qhnr9f
679,qhnbyy
680,qhm2zl
681,qhjt80
682,qhjjr1
683,qhe4lw
684,qhbxcl
685,qhasw2
686,qh9cki
687,qh5zhg
688,qh579r
689,qh4z77
690,qh4qs4
691,qh4a6n
692,qh3nns
693,qh3mqx
694,qh3cdz
695,qh3088
696,qh1ds8
697,qh17bx
698,qgzujo
699,qgzbmg
700,qgyz1j
701,qgr8sv
702,qgq483
703,qgofo9
704,qgn3df
705,qgmfcz
706,qgkjpv
707,qggjtp
708,qgfro1
709,qgf054
710,qgdt6o
711,qgdqd3
712,qgd1r6
713,qgd0jq
714,qgcuhc
715,qgce8x
716,qgcdti
717,qgc9hr
718,qgakff
719,qg9yhw
720,qg9ao3
721,qg963n
722,qg7y7p
723,qg6kpw
724,qg6hza
725,qg6hw0
726,qg6fw2
727,qg6dj6
728,qg4x27
729,qg4nca
730,qg3opr
731,qg0pkr
732,qfy4gr
733,qfwb0y
734,qfuq2h
735,qftk5l
736,qfsf95
737,qfsby3
738,qfs6hj
739,qfqx0w
740,qfqdp7
741,qfot67
742,qfn6gu
743,qfkkt4
744,qfis1u
745,qfil8a
746,qfhvjo
747,qff34n
748,qfbuam
749,qfbgck
750,qfbaen
751,qfb9ou
752,qfb8m9
753,qfax9v
754,qf8b8y
755,qf88fk
756,qf7pif
757,qf7gzt
758,qf5u1p
759,qf5erh
760,qf44c5
761,qf340j
762,qf2qqi
763,qf2lc4
764,qf29uy
765,qf26eh
766,qf1yh4
767,qf1dkz
768,qf03g0
769,qezh8w
770,qeyi8m
771,qey50p
772,qexka6
773,qewmay
774,qewcme
775,qevw4p
776,qeu7p3
777,qesxul
778,qes5xu
779,qeqxu3
780,qemb07
781,qem8np
782,qem6ij
783,qem5d9
784,qelwn9
785,qeluaa
786,qelhwv
787,qehrup
788,qegzmx
789,qegvn7
790,qeg0uq
791,qefpg3
792,qefivh
793,qeeaof
794,qee9mg
795,qeddva
796,qed2e5
797,qed0h9
798,qecowo
799,qebjnc
800,qea15w
801,qe9esn
802,qe9czx
803,qe8lr9
804,qe8e8h
805,qe8471
806,qe7z79
807,qe7ai3
808,qe78jt
809,qe76l3
810,qe6kww
811,qe64h5
812,qe61wd
813,qe61eg
814,qe4s49
815,qe4lqu
816,qe4el2
817,qe4dg4
818,qe41fa
819,qe3q1d
820,qe2fwv
821,qe164s
822,qe0rr3
823,qe0jno
824,qdyjal
825,qdxpde
826,qdxanz
827,qdwq96
828,qdvs1a
829,qdulsc
830,qdu9z0
831,qdu1bn
832,qds9s4
833,qdrqj4
834,qdrmlp
835,qdppdx
836,qdp86w
837,qdmxv9
838,qdmc9d
839,qdlbek
840,qdio7l
841,qdigk9
842,qdi8hi
843,qdhxqo
844,qdfmv2
845,qdf84e
846,qdf7nl
847,qdf4gi
848,qdf3m0
849,qddqfa
850,qdczd3
851,qdcob7
852,qdcnl5
853,qdax1u
854,qd9x6q
855,qd91ud
856,qd8xwp
857,qd7hp7
858,qd5xgp
859,qd2g69
860,qd0rtr
861,qczpdn
862,qczer4
863,qczaf6
864,qcxu1y
865,qcxsc3
866,qcxfg5
867,qcxap3
868,qcvqnd
869,qcvkkc
870,qctta7
871,qctgmq
872,qctd6q
873,qcs1ej
874,qcrpeg
875,qcrmrs
876,qcr2bn
877,qcjkuw
878,qcg8ca
879,qcg763
880,qcfoe1
881,qcdx3f
882,qcdopm
883,qcbtxq
884,qcbon0
885,qcbk3d
886,qcbfn7
887,qcb7ot
888,qcazsp
889,qcayzs
890,qc7eon
891,qc74hc
892,qc6xpa
893,qc5u77
894,qc5c2c
895,qc33aa
896,qc29py
897,qc1rdk
898,qc1dse
899,qc0uzw
900,qc099x
901,qbzyzx
902,qbyahj
903,qby9k7
904,qbw4m1
905,qbvl2b
906,qbv2tv
907,qbuibm
908,qbtsys
909,qbtp6t
910,qbtlxh
911,qbtj4w
912,qbstwm
913,qbst59
914,qbsmj4
915,qbrfxa
916,qbmi1h
917,qbkrok
918,qbkljt
919,qbh9zg
920,qbg569
921,qbfecm
922,qbeuwf
923,qbekdi
924,qbehpa
925,qbebtj
926,qbe2s8
927,qbe27w
928,qbd1y1
929,qbczk4
930,qbcyjv
931,qbbyvk
932,qba3u7
933,qb9ydm
934,qb9b25
935,qb6jja
936,qb63vd
937,qb5dme
938,qb4io9
939,qb3mgk
940,qb27eg
941,qb1ye4
942,qazr6n
943,qazoln
944,qazk5j
945,qayjrc
946,qaxp9d
947,qaxokh
948,qaxnyt
949,qaxlhs
950,qaxh7x
951,qaxe9b
952,qawzkn
953,qavlwn
954,qaujsj
955,qat95l
956,qaraau
957,qaqvwi
958,qaqga5
959,qapun6
960,qappqz
961,qao6mg
962,qant11
963,qannll
964,qan6m0
965,qamu7o
966,qamtt8
967,qamtk9
968,qamswn
969,qamcd5
970,qambv7
971,qaf560
972,qaf098
973,qaerq4
974,qabt1s
975,qabab7
976,qaanme
977,qa9hf8
978,qa7k5f
979,qa7bd1
980,qa6mw3
981,qa694v
982,qa5y2j
983,qa5tfz
984,qa5teg
985,qa5dc0
986,qa4z29
987,qa4ydu
988,qa45j5
989,qa2z9e
990,qa0xf9
991,q9ynvx
992,q9xrl7
993,q9xqnj
994,q9xdia
995,q9x4q4
996,q9v9ss
